rsID,snp_bp_abs,snp_chr,gene_symbol,gene_start_abs,gene_end_abs,gene_chr,pvalue,proxy
rs47748131,1761226850,12,Ighg2b,1761222504,1761227472,12,2.12E-07,cis
rs36810417,1761451994,12,Ighg2b,1761222504,1761227472,12,9.04E-07,cis
rs33549901,1762272194,12,Ighg2b,1761222504,1761227472,12,5.73E-07,cis
rs51700615,1763950814,12,Ighg2b,1761222504,1761227472,12,5.38E-07,cis
rs46462149,1764666260,12,Ighg2b,1761222504,1761227472,12,5.73E-07,cis
rs30916969,1764667428,12,Ighg2b,1761222504,1761227472,12,5.73E-07,cis
rs33899091,1764800280,12,Ighg2b,1761222504,1761227472,12,5.73E-07,cis
rs46255412,1765980266,12,Ighg2b,1761222504,1761227472,12,5.73E-07,cis
rs38827483,1341672498,9,Acy1,1376979874,1376985212,9,4.56E-07,trans
rs30223940,1342017947,9,Acy1,1376979874,1376985212,9,6.73E-07,trans
